name,type,start_time,duration,"mosi_data","miso_data"
"SDMMC from SPI paul","SD frame",2.22534176,0.000422448,"","R1, IDLE, PARAM_ERROR, ADDRESS_OUT_OF_RANGE, ERASE_SEQUENCE_ERROR, COM_CRC_ERROR, ILLEGAL_COMMAND, ERASE_RESET"
"SDMMC from SPI paul","SD frame",2.225765208,0.000074576,"GO_IDLE_STATE (CMD0), arg:0",""
"SDMMC from SPI paul","SD frame",2.225870052,0.000144628,"","R1, IDLE"
"SDMMC from SPI paul","SD frame",2.22601568,0.000048036,"SEND_EXT_CSD (CMD8), arg:426",""
"SDMMC from SPI paul","SD frame",2.226093984,0.000025338,"","R1, IDLE"
"SDMMC from SPI paul","SD frame",2.226120572,0.000147716,"","R1"
"SDMMC from SPI paul","SD frame",2.226269288,0.000121964,"APP_CMD (CMD55), arg:0",""
"SDMMC from SPI paul","SD frame",2.22642162,0.00002451,"","R1, IDLE"
"SDMMC from SPI paul","SD frame",2.226471932,0.000141304,"CMD41, arg:1073741824",""
"SDMMC from SPI paul","SD frame",2.226643504,0.000146264,"","R1, IDLE"
"SDMMC from SPI paul","SD frame",2.226790768,0.000048164,"APP_CMD (CMD55), arg:0",""
"SDMMC from SPI paul","SD frame",2.226869176,0.000024898,"","R1, IDLE"
"SDMMC from SPI paul","SD frame",2.226920064,0.000141304,"CMD41, arg:1073741824",""
"SDMMC from SPI paul","SD frame",2.227091636,0.000143492,"","R1, IDLE"
"SDMMC from SPI paul","SD frame",2.227236128,0.000048036,"APP_CMD (CMD55), arg:0",""
"SDMMC from SPI paul","SD frame",2.227314432,0.000024438,"","R1, IDLE"
"SDMMC from SPI paul","SD frame",2.22736648,0.000141332,"CMD41, arg:1073741824",""
"SDMMC from SPI paul","SD frame",2.227538092,0.00014368,"","R1, IDLE"
"SDMMC from SPI paul","SD frame",2.227682772,0.000048024,"APP_CMD (CMD55), arg:0",""
"SDMMC from SPI paul","SD frame",2.227761012,0.000024438,"","R1, IDLE"
"SDMMC from SPI paul","SD frame",2.2278113,0.000141332,"CMD41, arg:1073741824",""
"SDMMC from SPI paul","SD frame",2.2279829,0.000143528,"","R1, IDLE"
"SDMMC from SPI paul","SD frame",2.228127428,0.000048036,"APP_CMD (CMD55), arg:0",""
"SDMMC from SPI paul","SD frame",2.228205732,0.000024438,"","R1, IDLE"
"SDMMC from SPI paul","SD frame",2.22825602,0.000153416,"CMD41, arg:1073741824",""
"SDMMC from SPI paul","SD frame",2.228439704,0.000143604,"","R1, IDLE"
"SDMMC from SPI paul","SD frame",2.228584308,0.000048024,"APP_CMD (CMD55), arg:0",""
"SDMMC from SPI paul","SD frame",2.228662604,0.000024446,"","R1, IDLE"
"SDMMC from SPI paul","SD frame",2.2287129,0.000141268,"CMD41, arg:1073741824",""
"SDMMC from SPI paul","SD frame",2.228884436,0.000143504,"","R1, IDLE"
"SDMMC from SPI paul","SD frame",2.22902894,0.000048036,"APP_CMD (CMD55), arg:0",""
"SDMMC from SPI paul","SD frame",2.22910726,0.00002441,"","R1, IDLE"
"SDMMC from SPI paul","SD frame",2.22915752,0.000141332,"CMD41, arg:1073741824",""
"SDMMC from SPI paul","SD frame",2.22932912,0.00015134,"","R1, IDLE"
"SDMMC from SPI paul","SD frame",2.22948146,0.00004826,"APP_CMD (CMD55), arg:0",""
"SDMMC from SPI paul","SD frame",2.22956024,0.000024638,"","R1, IDLE"
"SDMMC from SPI paul","SD frame",2.229610716,0.000141592,"CMD41, arg:1073741824",""
"SDMMC from SPI paul","SD frame",2.229782512,0.000144404,"","R1, IDLE"
"SDMMC from SPI paul","SD frame",2.229927916,0.000048376,"APP_CMD (CMD55), arg:0",""
"SDMMC from SPI paul","SD frame",2.23000656,0.000024438,"","R1, IDLE"
"SDMMC from SPI paul","SD frame",2.230056848,0.000141304,"CMD41, arg:1073741824",""
"SDMMC from SPI paul","SD frame",2.23022842,0.000156492,"","R1, IDLE"
"SDMMC from SPI paul","SD frame",2.230385912,0.000048048,"APP_CMD (CMD55), arg:0",""
"SDMMC from SPI paul","SD frame",2.230464428,0.000024502,"","R1, IDLE"
"SDMMC from SPI paul","SD frame",2.230514776,0.000141408,"CMD41, arg:1073741824",""
"SDMMC from SPI paul","SD frame",2.230686512,0.000143892,"","R1, IDLE"
"SDMMC from SPI paul","SD frame",2.230831404,0.000048052,"APP_CMD (CMD55), arg:0",""
"SDMMC from SPI paul","SD frame",2.230909724,0.000024438,"","R1, IDLE"
"SDMMC from SPI paul","SD frame",2.230960008,0.000141332,"CMD41, arg:1073741824",""
"SDMMC from SPI paul","SD frame",2.231131568,0.00014352,"","R1, IDLE"
"SDMMC from SPI paul","SD frame",2.231276088,0.000048036,"APP_CMD (CMD55), arg:0",""
"SDMMC from SPI paul","SD frame",2.231366016,0.000024526,"","R1, IDLE"
"SDMMC from SPI paul","SD frame",2.231416392,0.000141328,"CMD41, arg:1073741824",""
"SDMMC from SPI paul","SD frame",2.231587988,0.000143504,"","R1, IDLE"
"SDMMC from SPI paul","SD frame",2.231732492,0.000047988,"APP_CMD (CMD55), arg:0",""
"SDMMC from SPI paul","SD frame",2.231810748,0.000024414,"","R1, IDLE"
"SDMMC from SPI paul","SD frame",2.231861012,0.000141328,"CMD41, arg:1073741824",""
"SDMMC from SPI paul","SD frame",2.232032608,0.000143492,"","R1, IDLE"
"SDMMC from SPI paul","SD frame",2.2321771,0.000048036,"APP_CMD (CMD55), arg:0",""
"SDMMC from SPI paul","SD frame",2.232255404,0.000024438,"","R1, IDLE"
"SDMMC from SPI paul","SD frame",2.232305692,0.000147968,"CMD41, arg:1073741824",""
"SDMMC from SPI paul","SD frame",2.232483928,0.00014438,"","R1, IDLE"
"SDMMC from SPI paul","SD frame",2.232629308,0.000048448,"APP_CMD (CMD55), arg:0",""
"SDMMC from SPI paul","SD frame",2.23270826,0.000024926,"","R1, IDLE"
"SDMMC from SPI paul","SD frame",2.232759072,0.000141456,"CMD41, arg:1073741824",""
"SDMMC from SPI paul","SD frame",2.232930996,0.000144104,"","R1, IDLE"
"SDMMC from SPI paul","SD frame",2.2330761,0.000048,"APP_CMD (CMD55), arg:0",""
"SDMMC from SPI paul","SD frame",2.23315432,0.000024434,"","R1, IDLE"
"SDMMC from SPI paul","SD frame",2.233204604,0.000141332,"CMD41, arg:1073741824",""
"SDMMC from SPI paul","SD frame",2.233376492,0.000143852,"","R1, IDLE"
"SDMMC from SPI paul","SD frame",2.233521344,0.000047988,"APP_CMD (CMD55), arg:0",""
"SDMMC from SPI paul","SD frame",2.233599612,0.000024514,"","R1, IDLE"
"SDMMC from SPI paul","SD frame",2.233649988,0.00014134,"CMD41, arg:1073741824",""
"SDMMC from SPI paul","SD frame",2.23382156,0.000143716,"","R1, IDLE"
"SDMMC from SPI paul","SD frame",2.233966276,0.000048036,"APP_CMD (CMD55), arg:0",""
"SDMMC from SPI paul","SD frame",2.234044584,0.000024446,"","R1, IDLE"
"SDMMC from SPI paul","SD frame",2.23409488,0.000141304,"CMD41, arg:1073741824",""
"SDMMC from SPI paul","SD frame",2.234266456,0.000143788,"","R1, IDLE"
"SDMMC from SPI paul","SD frame",2.234411244,0.00004804,"APP_CMD (CMD55), arg:0",""
"SDMMC from SPI paul","SD frame",2.234489552,0.000024522,"","R1, IDLE"
"SDMMC from SPI paul","SD frame",2.234539924,0.000141332,"CMD41, arg:1073741824",""
"SDMMC from SPI paul","SD frame",2.234711484,0.000143468,"","R1, IDLE"
"SDMMC from SPI paul","SD frame",2.234855952,0.000048036,"APP_CMD (CMD55), arg:0",""
"SDMMC from SPI paul","SD frame",2.234934256,0.000024438,"","R1, IDLE"
"SDMMC from SPI paul","SD frame",2.234984544,0.000141292,"CMD41, arg:1073741824",""
"SDMMC from SPI paul","SD frame",2.235156068,0.000143504,"","R1, IDLE"
"SDMMC from SPI paul","SD frame",2.235300572,0.000048036,"APP_CMD (CMD55), arg:0",""
"SDMMC from SPI paul","SD frame",2.235385816,0.000024586,"","R1, IDLE"
"SDMMC from SPI paul","SD frame",2.235436252,0.000141328,"CMD41, arg:1073741824",""
"SDMMC from SPI paul","SD frame",2.235607848,0.000143444,"","R1, IDLE"
"SDMMC from SPI paul","SD frame",2.235752292,0.000048484,"APP_CMD (CMD55), arg:0",""
"SDMMC from SPI paul","SD frame",2.235830996,0.000024426,"","R1, IDLE"
"SDMMC from SPI paul","SD frame",2.235881284,0.000142192,"CMD41, arg:1073741824",""
"SDMMC from SPI paul","SD frame",2.236054292,0.000144692,"","R1, IDLE"
"SDMMC from SPI paul","SD frame",2.236199984,0.000048012,"APP_CMD (CMD55), arg:0",""
"SDMMC from SPI paul","SD frame",2.236278264,0.000024438,"","R1, IDLE"
"SDMMC from SPI paul","SD frame",2.236328552,0.000152016,"CMD41, arg:1073741824",""
"SDMMC from SPI paul","SD frame",2.236510836,0.000143692,"","R1, IDLE"
"SDMMC from SPI paul","SD frame",2.236655528,0.000048036,"APP_CMD (CMD55), arg:0",""
"SDMMC from SPI paul","SD frame",2.236733848,0.000024522,"","R1, IDLE"
"SDMMC from SPI paul","SD frame",2.236784172,0.000141352,"CMD41, arg:1073741824",""
"SDMMC from SPI paul","SD frame",2.236955808,0.000143516,"","R1, IDLE"
"SDMMC from SPI paul","SD frame",2.237100324,0.000048,"APP_CMD (CMD55), arg:0",""
"SDMMC from SPI paul","SD frame",2.237178592,0.000024438,"","R1, IDLE"
"SDMMC from SPI paul","SD frame",2.237228876,0.000141332,"CMD41, arg:1073741824",""
"SDMMC from SPI paul","SD frame",2.237400724,0.000143656,"","R1, IDLE"
"SDMMC from SPI paul","SD frame",2.23754538,0.000048036,"APP_CMD (CMD55), arg:0",""
"SDMMC from SPI paul","SD frame",2.237623684,0.00002445,"","R1, IDLE"
"SDMMC from SPI paul","SD frame",2.237673972,0.000141292,"CMD41, arg:1073741824",""
"SDMMC from SPI paul","SD frame",2.237845496,0.000143504,"","R1, IDLE"
"SDMMC from SPI paul","SD frame",2.23799,0.000048036,"APP_CMD (CMD55), arg:0",""
"SDMMC from SPI paul","SD frame",2.238068304,0.000024438,"","R1, IDLE"
"SDMMC from SPI paul","SD frame",2.238118592,0.000141328,"CMD41, arg:1073741824",""
"SDMMC from SPI paul","SD frame",2.238290188,0.000143744,"","R1, IDLE"
"SDMMC from SPI paul","SD frame",2.238434932,0.000048036,"APP_CMD (CMD55), arg:0",""
"SDMMC from SPI paul","SD frame",2.238513236,0.000024526,"","R1, IDLE"
"SDMMC from SPI paul","SD frame",2.238563612,0.000141328,"CMD41, arg:1073741824",""
"SDMMC from SPI paul","SD frame",2.238735208,0.000143416,"","R1, IDLE"
"SDMMC from SPI paul","SD frame",2.238879624,0.000048236,"APP_CMD (CMD55), arg:0",""
"SDMMC from SPI paul","SD frame",2.238958144,0.000024386,"","R1, IDLE"
"SDMMC from SPI paul","SD frame",2.239008368,0.000143028,"CMD41, arg:1073741824",""
"SDMMC from SPI paul","SD frame",2.239181928,0.00014428,"","R1, IDLE"
"SDMMC from SPI paul","SD frame",2.239327208,0.000059096,"APP_CMD (CMD55), arg:0",""
"SDMMC from SPI paul","SD frame",2.239416576,0.000024522,"","R1, IDLE"
"SDMMC from SPI paul","SD frame",2.239466948,0.000141328,"CMD41, arg:1073741824",""
"SDMMC from SPI paul","SD frame",2.239638548,0.000143628,"","R1, IDLE"
"SDMMC from SPI paul","SD frame",2.239783176,0.000047988,"APP_CMD (CMD55), arg:0",""
"SDMMC from SPI paul","SD frame",2.23986162,0.00002441,"","R1, IDLE"
"SDMMC from SPI paul","SD frame",2.239911832,0.000141476,"CMD41, arg:1073741824",""
"SDMMC from SPI paul","SD frame",2.24008354,0.00014268,"","R1"
"SDMMC from SPI paul","SD frame",2.24022722,0.000048036,"CMD58, arg:0",""
"SDMMC from SPI paul","SD frame",2.240305524,0.000251968,"","R1"
"SDMMC from SPI paul","SD frame",2.240571672,0.000058828,"READ_MULTIPLE_BLOCK (CMD18), arg:0",""
"SDMMC from SPI paul","SD frame",2.24065382,0.000071744,"","R1"
"SDMMC from SPI paul","SD frame",2.241132988,0.004181064,"","DATA_BLOCK 0x11bde05a4000000000000000000000000000000000000000000000000000000000000000000000000000000000000000000000000000000000000000000000000000000000000000000000000000000000000000000000000000000000000000000000000000000000000000000000000000000000000000000000000000000000000000000000000000000000182010607a1fe01800000020010000007a1ff0607a1fe03801000020010000007a1fe1607a1fe05802001fcd6ca0000000000000000000000000000000000ab554766"
"SDMMC from SPI paul","SD frame",2.245317348,0.000060192,"STOP_TRANSMISSION (CMD12), arg:0",""
"SDMMC from SPI paul","SD frame",2.24537854,0.000062376,"","R1, PARAM_ERROR, COM_CRC_ERROR, ILLEGAL_COMMAND, ERASE_RESET"
"SDMMC from SPI paul","SD frame",2.245455096,0.000058828,"READ_MULTIPLE_BLOCK (CMD18), arg:49152",""
"SDMMC from SPI paul","SD frame",2.245537244,0.00006382,"","R1"
"SDMMC from SPI paul","SD frame",2.245788616,0.00416034,"","DATA_BLOCK 0x0"
"SDMMC from SPI paul","SD frame",2.249952248,0.000058832,"STOP_TRANSMISSION (CMD12), arg:0",""
"SDMMC from SPI paul","SD frame",2.25001208,0.000065399,"","R1"
"SDMMC from SPI paul","SD frame",2.25009266,0.000058816,"READ_MULTIPLE_BLOCK (CMD18), arg:0",""
"SDMMC from SPI paul","SD frame",2.250174796,0.00006382,"","R1"
"SDMMC from SPI paul","SD frame",2.250383008,0.004160464,"","DATA_BLOCK 0x11bde05a4000000000000000000000000000000000000000000000000000000000000000000000000000000000000000000000000000000000000000000000000000000000000000000000000000000000000000000000000000000000000000000000000000000000000000000000000000000000000000000000000000000000000000000000000000000000182010607a1fe01800000020010000007a1ff0607a1fe03801000020010000007a1fe1607a1fe05802001fcd6ca0000000000000000000000000000000000ab554766"
"SDMMC from SPI paul","SD frame",2.254546764,0.000058832,"STOP_TRANSMISSION (CMD12), arg:0",""
"SDMMC from SPI paul","SD frame",2.254606596,0.000051748,"","R1, PARAM_ERROR, COM_CRC_ERROR, ILLEGAL_COMMAND, ERASE_RESET"
"SDMMC from SPI paul","SD frame",2.254672524,0.000058832,"READ_MULTIPLE_BLOCK (CMD18), arg:49152",""
"SDMMC from SPI paul","SD frame",2.254754672,0.00006382,"","R1"
"SDMMC from SPI paul","SD frame",2.25501236,0.0041605,"","DATA_BLOCK 0x0"
"SDMMC from SPI paul","SD frame",2.259176152,0.000058832,"STOP_TRANSMISSION (CMD12), arg:0",""
